insert into reseller(id, name) values
(1, 'Ortner Reseller GmbH'),
(2, 'Egger Reseller GmbH'),
(3, 'Seiser Reseller GmbH'),
(4, 'Bodner Reseller GmbH');

insert into computer_base_model (id, name, ram_gigabyte, storage_gigabyte, processor, price, image_path, description) values 
(1, 'Home Basic', 8, 500, 'i3', 399, 'home_basic.png', 'Der tolle Home Basic PC'), 
(2, 'Home Pro', 8, 500, 'i5', 599, 'home_pro.png', 'Der tolle Home Pro PC'), 
(3, 'Home Chef', 16, 500, 'i7', 799, 'home_chef.png', 'Der wunderbare Home Chef PC');

insert into addition(id, name, value, price) values 
(1, 'Festplatte', '1 TB SSD', 89),  
(2, 'Festplatte', '500 GB SSD', 39), 
(3, 'GPU', 'Schnellere Grafikkarte', 99);



insert into order_computer (id, order_id, computer_base_model_id) values
(1, 1, 3),
(2, 1, 3),
(3, 1, 1),
(4, 1, 3),
(5, 2, 3),
(6, 2, 2),
(7, 2, 3),
(8, 2, 3),
(9, 3, 1),
(10, 4, 2),
(11, 4, 2),
(12, 4, 2),
(13, 4, 2),
(14, 5, 3),
(15, 6, 1),
(16, 6, 3),
(17, 6, 3),
(18, 7, 2),
(19, 7, 1),
(20, 8, 2),
(21, 9, 3),
(22, 10, 2),
(23, 10, 2),
(24, 10, 2),
(25, 10, 3),
(26, 11, 1),
(27, 12, 2),
(28, 12, 1),
(29, 12, 3),
(30, 12, 3),
(31, 13, 3),
(32, 14, 2),
(33, 15, 2),
(34, 15, 2),
(35, 15, 2),
(36, 16, 1),
(37, 16, 3),
(38, 17, 3),
(39, 17, 1),
(40, 18, 2),
(41, 19, 3),
(42, 20, 3),
(43, 20, 1),
(44, 20, 1),
(45, 21, 2),
(46, 21, 3),
(47, 22, 1),
(48, 22, 3),
(49, 22, 2),
(50, 23, 2),
(51, 23, 1),
(52, 23, 2),
(53, 24, 2),
(54, 24, 2),
(55, 25, 3),
(56, 25, 1),
(57, 26, 1),
(58, 26, 2),
(59, 26, 2),
(60, 27, 1),
(61, 28, 3),
(62, 29, 2),
(63, 29, 3),
(64, 29, 3),
(65, 30, 1),
(66, 31, 3),
(67, 31, 3),
(68, 32, 1),
(69, 32, 3),
(70, 32, 3),
(71, 32, 3),
(72, 33, 3),
(73, 33, 2),
(74, 33, 1),
(75, 33, 2),
(76, 34, 3),
(77, 34, 1),
(78, 34, 3),
(79, 35, 1),
(80, 35, 2),
(81, 36, 3),
(82, 36, 2),
(83, 36, 3),
(84, 37, 2),
(85, 37, 3),
(86, 38, 3),
(87, 39, 2),
(88, 40, 1),
(89, 40, 1),
(90, 40, 3),
(91, 40, 1),
(92, 41, 2),
(93, 42, 3),
(94, 42, 1),
(95, 43, 1),
(96, 43, 3),
(97, 43, 1),
(98, 43, 3),
(99, 44, 3),
(100, 44, 3),
(101, 44, 1),
(102, 44, 3),
(103, 45, 3),
(104, 45, 2),
(105, 45, 1),
(106, 46, 1),
(107, 46, 2);


insert into order_computer_addition(id, order_computer_id, addition_id) values 
(1, 2, 1),
(2, 5, 1),
(3, 7, 1),
(4, 9, 1),
(5, 13, 1),
(6, 15, 1),
(7, 16, 1),
(8, 18, 1),
(9, 21, 1),
(10, 25, 1),
(11, 29, 1),
(12, 30, 1),
(13, 32, 1),
(14, 36, 1),
(15, 38, 1),
(16, 41, 1),
(17, 44, 1),
(18, 46, 1),
(19, 50, 1),
(20, 51, 1),
(21, 54, 1),
(22, 55, 1),
(23, 56, 1),
(24, 57, 1),
(25, 61, 1),
(26, 65, 1),
(27, 68, 1),
(28, 69, 1),
(29, 70, 1),
(30, 71, 1),
(31, 75, 1),
(32, 78, 1),
(33, 81, 1),
(34, 85, 1),
(35, 89, 1),
(36, 93, 1),
(37, 95, 1),
(38, 97, 1),
(39, 100, 1),
(40, 104, 1),
(41, 105, 1),
(43, 1, 2),
(44, 3, 2),
(45, 6, 2),
(46, 7, 2),
(47, 8, 2),
(48, 10, 2),
(49, 11, 2),
(50, 13, 2),
(51, 15, 2),
(52, 18, 2),
(53, 19, 2),
(54, 20, 2),
(55, 23, 2),
(56, 26, 2),
(57, 27, 2),
(58, 30, 2),
(59, 32, 2),
(60, 34, 2),
(61, 37, 2),
(62, 38, 2),
(63, 39, 2),
(64, 42, 2),
(65, 43, 2),
(66, 46, 2),
(67, 47, 2),
(68, 48, 2),
(69, 51, 2),
(70, 54, 2),
(71, 57, 2),
(72, 59, 2),
(73, 61, 2),
(74, 64, 2),
(75, 67, 2),
(76, 70, 2),
(77, 72, 2),
(78, 73, 2),
(79, 74, 2),
(80, 75, 2),
(81, 77, 2),
(82, 80, 2),
(83, 81, 2),
(84, 82, 2),
(85, 85, 2),
(86, 88, 2),
(87, 89, 2),
(88, 92, 2),
(89, 93, 2),
(90, 95, 2),
(91, 98, 2),
(92, 99, 2),
(93, 101, 2),
(94, 102, 2),
(95, 103, 2),
(96, 106, 2),
(98, 2, 3),
(99, 5, 3),
(100, 8, 3),
(101, 10, 3),
(102, 13, 3),
(103, 15, 3),
(104, 20, 3),
(105, 25, 3),
(106, 28, 3),
(107, 31, 3),
(108, 34, 3),
(109, 39, 3),
(110, 44, 3),
(111, 45, 3),
(112, 46, 3),
(113, 49, 3),
(114, 50, 3),
(115, 53, 3),
(116, 57, 3),
(117, 60, 3),
(118, 65, 3),
(119, 70, 3),
(120, 71, 3),
(121, 74, 3),
(122, 79, 3),
(123, 83, 3),
(124, 86, 3),
(125, 89, 3),
(126, 90, 3),
(127, 95, 3),
(128, 97, 3),
(129, 102, 3),
(130, 105, 3);
